,3D TTT,3x3 TTT,4x4 TTT,Battleships,Connect4,LoA,Mancala,Clobber,Pentago,Amazons,Backgammon,Nim,Othello,Dots&B,Breakthrough,Hex,Havannah,Go,Checkers,Chess UCI,Median ELO
gemini_3_pro_preview,1788.63,1515.37,1529.56,1640.39,1778.74,2395.16,2031.51,2120.13,1672.96,2152.96,2348.25,2050.85,2621.3,2384.77,2076.03,2515.27,1439.03,1925.85,2066.56,1996.48,2041.18
gpt_5.2,1810.27,1518.95,1533.18,1624.11,1990.83,2260.44,2019.51,2210.19,1659.29,1900.0,2290.55,2050.85,2558.88,2710.77,1989.71,2116.22,1894.04,1681.07,2028.88,2181.35,2005.17
glm_5,1787.55,1518.44,1530.08,1622.38,1871.17,1977.6,1943.56,594.31,1657.45,1884.56,2223.05,2050.85,2317.05,2228.1,1947.91,2278.89,1448.76,1725.69,2027.6,1966.66,1914.06
claude_opus_4.6,1785.39,1523.03,1526.97,1617.22,1918.94,2033.51,2001.47,556.38,1628.6,1469.5,2263.16,2050.85,2529.49,2188.87,2069.48,1827.62,1903.79,1580.91,1498.17,2476.23,1865.71
kimi_k2.5,1789.71,1523.55,1524.91,1638.04,1895.53,2241.87,2009.89,1905.86,1609.9,1916.07,2113.96,2050.85,2490.68,2253.7,2056.71,1832.33,1419.96,1549.89,1331.08,1758.52,1863.93
glm_4.7,1841.0,1518.44,1533.18,1536.15,1874.72,2060.09,1847.51,556.38,1618.62,1458.72,2255.07,2050.85,2030.6,2331.93,1592.22,1832.33,1452.4,1481.54,1941.22,1730.8,1781.56
kimi_k2_thinking,1789.71,1522.52,1534.74,1634.53,1913.23,1715.41,1751.24,1593.23,1657.45,1918.43,2001.67,2050.85,1970.41,2146.87,1709.55,1832.33,1773.87,1649.19,1492.62,1835.58,1762.56
gpt_5_mini,1787.55,1524.06,1528.01,1649.85,1752.53,2050.74,1932.1,1757.16,1468.38,1678.83,2199.27,2050.85,2104.96,2205.83,1643.6,1827.62,1585.16,1510.93,1552.34,1812.71,1754.85
gemini_3_flash_preview,1786.47,1517.92,1508.37,1547.65,1801.06,2276.11,1586.96,1565.61,1517.58,1610.25,2241.67,2050.85,1717.14,2163.85,1894.85,2037.86,1851.38,1525.38,1981.74,1509.6,1751.8
gpt_5.2_codex,1790.79,1521.5,1527.49,1676.63,1710.03,1610.31,1974.92,1781.11,1378.76,1607.32,2241.67,2050.85,2034.18,2202.88,1660.34,1829.97,1558.12,1627.4,1982.88,1648.75,1693.33
minimax_m2,1787.55,1523.03,1527.49,1453.84,1754.98,1696.73,1650.08,1528.42,1648.92,1703.5,1445.93,2050.85,1746.32,2237.08,1738.65,1822.93,1560.55,1628.08,1565.96,1849.99,1673.4
claude_sonnet_4.5,1777.82,1523.03,1530.08,1642.15,1615.53,1977.6,1720.1,1690.75,960.52,1645.7,2151.65,868.27,2075.67,-2584.49,1529.06,1856.21,1627.06,1717.6,1820.5,1834.79,1668.23
gpt_oss_120b,1786.47,1523.03,1497.5,1392.88,1689.49,2016.45,1922.65,1522.89,1555.29,1617.6,2188.72,340.32,1915.03,2226.6,1916.03,1515.44,1636.22,1734.63,1318.19,1750.06,1662.86
minimax_m2.1,1786.47,1524.06,1533.18,1633.37,1720.67,1828.73,1658.8,1591.84,1583.54,1660.66,873.61,2050.85,1872.13,2189.61,1750.46,1319.47,1408.1,1019.72,1851.27,1777.78,1659.73
claude_opus_4.5,1788.63,1521.5,1106.44,1666.14,1197.23,646.56,2008.83,1769.0,1614.55,568.17,2395.68,2050.85,1903.04,2269.8,1641.75,1783.8,1588.89,1613.88,1553.1,2027.37,1653.94
deepseek_r1t2_chimera_free,1786.47,1519.46,1528.53,1648.66,1710.03,1615.36,1309.54,1549.09,1636.9,1598.53,1648.66,2050.85,1923.84,1791.63,1801.01,1608.7,1394.81,1442.47,1535.55,1773.15,1626.13
deepseek_v3.2,1788.63,1523.03,1523.87,1620.66,259.46,1146.01,1783.78,1830.94,1434.53,1608.79,1587.83,2050.85,1665.86,2191.08,1350.98,1472.26,1627.06,1697.36,75.23,1776.24,1614.72
mimo_v2_flash,1786.47,1523.03,1520.77,1541.08,1817.77,1470.28,1871.01,1607.14,1428.44,1616.13,1502.64,2050.85,2070.92,2193.29,1504.01,1389.74,1358.82,1643.72,1641.55,1922.37,1611.63
qwen3_235b_a22b_2507,1789.71,1518.95,1534.74,1540.53,213.52,1146.01,1863.76,1597.39,1595.51,1550.21,1154.16,2050.85,1866.61,2239.34,1128.15,1317.57,1505.19,1843.99,1729.07,1756.22,1572.86
grok_code_fast_1,1774.58,1521.5,1510.44,1405.91,1538.98,1574.79,1347.34,1571.12,1626.83,1484.75,828.27,2034.37,1648.59,2087.33,1320.46,1412.59,1765.39,1695.22,1539.38,1629.79,1555.25
qwen3_coder,1771.33,1521.5,1532.15,1547.65,1076.91,2250.23,1522.83,1482.43,1598.95,1340.15,1644.6,2050.85,2054.12,2127.53,1157.48,1399.25,1441.47,988.44,1683.7,1815.84,1539.9
gemini_2.0_flash_001,1763.76,1521.5,1506.82,1524.1,2004.46,1455.44,1220.01,1668.46,1629.19,1650.18,923.89,383.01,1676.58,-4757.56,1498.66,772.48,1570.34,1482.25,1666.32,1666.53,1522.8
tng_r1t_chimera_free,1790.79,1517.41,1524.39,1492.14,1786.16,1861.23,1196.87,1553.22,1414.85,1499.83,1071.89,383.01,1957.93,-4757.56,1652.89,1281.17,1733.03,1438.76,1768.0,1761.6,1520.9
qwen3_32b,1776.74,1519.46,1522.84,1550.39,1728.84,1573.51,1206.21,1437.83,1504.57,1698.83,942.55,433.07,1745.5,2198.45,1250.91,1389.74,1417.47,1515.08,1413.93,1619.72,1517.27
kat_coder_pro,1803.76,1520.99,1524.39,1535.6,1377.9,559.94,715.17,1506.25,1541.23,1638.27,830.97,1258.82,1757.73,2206.57,1293.28,1277.31,1392.25,1736.88,1667.82,1442.19,1513.62
deepseek_chat_v3_0324,1765.93,1520.48,1528.01,1441.13,1356.22,510.12,1730.23,1695.28,1419.21,1672.74,923.89,961.73,1688.89,2238.58,1331.26,1334.69,1475.28,1530.86,1780.21,1451.89,1497.88
qwen3_next_80b_a3b_instruct,1786.47,1518.95,1525.42,1424.64,1375.75,1013.94,1526.14,1387.7,1524.91,1199.62,1373.47,2050.85,1846.9,2097.32,1149.22,998.44,1347.27,1840.26,1487.83,1497.0,1492.41
trinity_mini_free,1757.27,1523.03,1519.74,1415.05,1019.14,510.12,-2.75,1240.43,1442.97,1122.04,669.27,383.01,1490.47,1791.63,1256.49,1365.06,1537.55,1443.21,1522.44,856.53,1390.05
nemotron_nano_12b_v2_vl_free,1775.66,1517.41,1521.81,1429.98,1313.78,1299.59,633.38,1345.24,1402.23,1225.88,256.96,340.32,1627.96,1891.18,1117.35,1060.08,1372.13,1242.54,1569.73,398.0,1329.51
devstral_2512,1770.25,1515.37,1517.15,1448.08,1730.48,494.7,1297.07,1514.58,1573.33,1267.05,900.05,340.32,1824.04,1309.98,1296.93,1136.17,1421.82,1301.83,877.11,422.88,1305.9
qwen3_coder_30b_a3b_instruct,1765.93,1516.39,1524.91,1416.86,1300.0,1181.19,1827.75,1249.04,1468.96,979.14,756.05,1056.59,-3936.51,1889.01,1220.7,955.18,1387.11,1032.94,1339.45,716.79,1274.52
gpt_4o_mini,-1702.54,1516.39,1516.12,1411.41,1173.35,489.49,1134.9,1244.76,1505.7,1276.91,665.89,1078.29,-1355.4,1827.14,1132.42,1011.28,1426.14,1227.62,1346.64,422.88,1200.49
solar_pro_3_free,1788.63,1389.16,1499.57,1423.45,1128.61,962.08,958.64,1331.46,1510.8,839.53,931.87,2050.85,-3936.51,893.27,1123.85,1134.02,1426.14,999.12,75.23,-127.76,1126.23
random,-4228.55,1046.96,1121.75,258.67,864.86,1483.67,586.7,1443.7,1322.77,1129.88,1885.64,1024.57,1479.82,1529.34,809.92,952.35,349.09,1635.55,1682.18,1642.2,1125.81
ministral_14b_2512,1304.73,1410.58,1525.42,1448.66,1239.11,1114.99,712.29,1500.67,686.29,1309.29,767.53,597.23,1515.76,356.3,887.68,1003.61,1404.32,790.16,86.55,-100.71,1059.3
