,3D TTT,3x3 TTT,4x4 TTT,Battleships,Connect4,LoA,Mancala,Clobber,Pentago,Amazons,Backgammon,Nim,Othello,Dots&B,Breakthrough,Hex,Havannah,Go,Checkers,Chess UCI
gemini_3_pro_preview,1,14,1,1,6,1,1,1,1,1,1,1,1,1,1,1,16,1,1,3
gpt_5.2,1,1,1,1,1,2,1,1,1,2,1,1,1,1,1,3,1,5,1,2
glm_5,1,1,1,1,3,7,1,33,1,2,3,1,5,1,4,2,15,4,1,3
claude_opus_4.6,1,1,3,1,1,6,1,33,1,21,2,1,1,1,1,5,1,12,12,1
kimi_k2.5,1,1,7,1,1,2,1,3,2,2,8,1,1,1,1,5,16,17,21,8
glm_4.7,1,1,1,13,2,6,9,33,2,21,2,1,6,1,14,5,15,19,1,12
kimi_k2_thinking,1,1,1,1,1,14,13,11,1,2,13,1,9,1,9,5,3,8,12,6
gpt_5_mini,1,1,2,1,8,6,3,5,20,6,3,1,6,1,12,5,7,18,11,7
gemini_3_flash_preview,1,1,27,11,5,2,18,11,17,8,2,1,21,1,5,3,1,18,1,25
gpt_5.2_codex,1,1,1,1,8,16,1,4,28,10,2,1,6,1,11,5,7,10,1,19
minimax_m2,1,1,3,20,8,14,16,15,1,6,18,1,20,1,8,5,7,10,10,6
claude_sonnet_4.5,1,1,1,1,14,6,14,7,34,6,5,26,6,31,16,5,7,4,3,6
gpt_oss_120b,1,1,29,23,11,6,3,15,13,8,4,29,12,1,4,15,7,4,21,8
minimax_m2.1,1,1,1,1,8,12,15,11,8,6,23,1,14,1,8,20,16,31,1,7
claude_opus_4.5,1,1,34,1,25,30,1,4,2,35,1,1,12,1,11,5,7,11,11,3
deepseek_r1t2_chimera_free,1,1,1,1,8,15,23,12,1,11,15,1,12,2,8,14,17,23,11,7
deepseek_v3.2,1,1,5,1,34,24,10,3,24,10,15,1,22,1,20,15,7,4,33,7
mimo_v2_flash,1,1,16,10,3,20,6,11,24,8,17,1,6,1,17,17,19,8,8,4
qwen3_235b_a22b_2507,1,1,1,11,34,24,7,11,5,14,21,1,14,1,28,19,10,2,7,8
grok_code_fast_1,1,1,25,22,20,16,23,11,1,20,25,1,24,1,20,16,3,4,11,20
qwen3_coder,1,1,1,10,28,2,20,19,6,25,15,1,6,1,27,17,16,31,7,7
gemini_2.0_flash_001,2,1,27,14,1,20,25,8,1,6,23,29,21,32,17,35,7,19,7,16
tng_r1t_chimera_free,1,6,5,14,6,12,25,11,25,20,21,29,11,32,11,22,4,23,5,8
qwen3_32b,1,1,5,9,8,16,25,23,18,6,23,28,20,1,23,17,16,18,16,20
kat_coder_pro,1,1,7,12,22,30,31,16,14,7,25,22,20,1,20,22,17,4,7,25
deepseek_chat_v3_0324,1,1,2,22,22,30,14,7,25,6,23,23,21,1,20,19,12,18,4,25
qwen3_next_80b_a3b_instruct,1,1,6,22,22,28,20,25,16,29,19,1,14,1,28,29,22,2,12,25
trinity_mini_free,2,1,14,22,30,30,35,30,24,30,31,29,30,2,22,17,7,23,11,29
nemotron_nano_12b_v2_vl_free,1,4,10,22,22,23,31,27,26,27,35,29,25,2,28,27,18,28,10,31
devstral_2512,1,17,18,21,8,30,23,16,9,26,23,29,16,24,20,27,16,28,32,31
qwen3_coder_30b_a3b_instruct,2,1,3,22,22,24,10,30,20,33,29,23,34,2,25,30,17,31,19,29
gpt_4o_mini,34,10,18,22,27,30,26,30,18,25,32,23,33,2,28,29,16,29,19,31
solar_pro_3_free,1,33,29,22,27,28,30,28,17,34,23,1,34,30,28,27,16,31,33,34
random,35,35,34,35,33,20,31,23,33,30,14,23,30,3,34,30,35,9,7,19
ministral_14b_2512,33,33,6,21,25,24,31,17,35,25,29,28,30,31,34,29,17,35,33,34
